{"cameraMode":{"drawMode":0,"name":"Shaded","section":"Shading Mode"},"sceneLighting":true,"audioPlay":false,"sceneViewState":{"showFog":true,"showMaterialUpdate":false,"showSkybox":true,"showFlares":true,"showImageEffects":true,"showParticleSystems":true},"in2DMode":false,"pivot":{"x":-3.740165948867798,"y":-12.555484771728516,"z":6.84393310546875},"rotation":{"x":-0.25960758328437807,"y":0.036780305206775668,"z":-0.009895984083414078,"w":-0.9649682641029358},"size":46.00791549682617,"orthographic":false}