{"cameraMode":{"drawMode":0,"name":"Shaded","section":"Shading Mode"},"sceneLighting":true,"audioPlay":false,"sceneViewState":{"showFog":true,"showMaterialUpdate":false,"showSkybox":true,"showFlares":true,"showImageEffects":true,"showParticleSystems":true},"in2DMode":false,"pivot":{"x":31.233137130737306,"y":-52.52783203125,"z":64.1854019165039},"rotation":{"x":0.42770808935165408,"y":-0.1517036408185959,"z":0.07304076850414276,"w":0.888111412525177},"size":105.74697875976563,"orthographic":false}